id,name,local_name,district,city,latitude,longitude,start_date,end_date,timings,category_id,short_description,cultural_significance,history_origin,major_attractions,local_food,activities,expected_footfall,official_website
1,Mysuru Dasara (Nada Habba),ಮೈಸೂರು ದಸರಾ (ನಾಡಹಬ್ಬ),Mysuru,Mysuru,12.3051,76.6551,2026-10-11,2026-10-20,All Day,2,"Celebrated as Karnataka's official state festival (Nada Habba), Mysuru Dasara is a 10-day extravaganza celebrating Goddess Chamundeshwari's victory over the demon Mahishasura. The heritage city illuminates with over 100,000 light bulbs at the Mysuru Palace, culminating in the grand Vijayadashami procession.","Represents the triumph of righteousness (Dharma) over evil. It showcases Karnataka's rich royal lineage, royal darbar traditions, and unbroken cultural continuum preserved by the Wadiyar Dynasty.","Initiated in the 14th century by the Vijayanagara Empire kings as Mahanavami festival, later institutionalized in Srirangapatna by Raja Wadiyar I in 1610 and moved to Mysuru in 1799.","['Jamboo Savari (Grand Elephant Procession carrying the 750kg Golden Howdah)', 'Illumination of Mysuru Palace with 100,000 bulbs', 'Torchlight Parade at Bannimantap', 'Yuva Dasara & Classical Music Concerts at Palace Courtyard', 'Dasara Exhibition & Kushti (Traditional Wrestling) Tournament']","['Mysore Pak (melt-in-mouth ghee sweet)', 'Mysore Masala Dosa with red chili-garlic chutney', 'Maddur Vada', 'Nanjanagudu Rasabale (heritage GI banana)', 'Mysore Chiroti with Badam Milk']","['heritage', 'royal', 'nada-habba', 'mysuru-palace', 'chamundeshwari', 'elephant-procession', 'unesco-style', 'autumn']",1800000,
2,Kambala (Dakshina Kannada Traditional Buffalo Race),ಕಂಬಳ (ಕರಾವಳಿಯ ಜಾನಪದ ಕ್ರೀಡೆ),Dakshina Kannada,Moodabidri / Mangaluru,13.0694,74.9961,2026-11-21,2026-11-22,All Day,3,An electrifying traditional folk sport where pairs of muscular water buffaloes driven by whip-wielding sprinters race down dual slushy paddy tracks (Kare) across Coastal Karnataka. Celebrated to appease gods for a bountiful harvest and livestock health.,Deeply woven into the agrarian Tulu Nadu ethos and veneration of Lord Kadri Manjunatha and local Daivas (Bhootas) for harvest blessings and cattle protection.,"Tracing back over 800 years to the Alupa and Hoysala dynasties, originally patronized by royal feudal landlords (Bunt households) as a test of speed and agricultural prowess.","['Hagga (Rope) and Kane Halage (Water Spout Height) sprint categories', 'Laser beam sensor photo-finish timing', 'Bhoota Kola and Daivaradhane folk invocations', 'Traditional drum ensembles (Chande & Maddale)']","['Neer Dosa with Kori Gassi (Mangalorean Chicken Curry)', 'Kori Rotti (Crispy rice wafers in spiced gravy)', 'Pathrode (steamed colocasia leaves)', 'Mangalore Buns (banana-infused fluffy pooris)', 'Shendi / Elaneer (Tender Coconut Payasa)']","['tulu-nadu', 'folk-sport', 'buffalo-race', 'karavali', 'agrarian', 'mud-track', 'adventure']",120000,
3,Hampi Utsav (Vijaya Utsava),ಹಂಪಿ ಉತ್ಸವ (ವಿಜಯ ಉತ್ಸವ),Vijayanagara,Hampi,15.335,76.46,2026-11-06,2026-11-08,All Day,4,"A magnificent 3-day cultural symposium staged against the colossal UNESCO World Heritage ruins of the Vijayanagara Empire. The rugged boulder landscape and 15th-century stone temple complexes are brought alive with classical dance, music, laser shows, and rural folk arts.","Commemorates the golden era of Emperor Krishnadevaraya and the Vijayanagara Empire's cultural, architectural, and literary brilliance.","Revived by the Government of Karnataka in modern times, rooted in the historical 'Vijaya Utsava' described by medieval foreign travelers Domingo Paes and Abdur Razzaq.","['Mega stages set against the backdrop of the illuminated Virupaksha Temple & Stone Chariot', 'Sound and light spectacle across the Hemakuta and Matanga Hills', 'Hampi by Night Heritage Walk and Coracle boating on Tungabhadra River', 'Janapada Vahini (Folk street performance parade with Dollu Kunitha & Veeragase)']","['Jolada Rotti with Yennegai (stuffed spicy brinjal)', 'Shenga (Peanut) Chutney Pudi & Ranjaka (red chilli paste)', 'Koppal style Godhi Huggi (cracked wheat jaggery porridge)', 'Badam Milk & Belagavi Kunda']","['unesco', 'vijayanagara', 'classical-dance', 'krishnadevaraya', 'monuments', 'tungabhadra', 'heritage']",350000,
4,Bengaluru Karaga Shaktyotsava,ಬೆಂಗಳೂರು ಕರಗ ಶಕ್ತ್ಯೋತ್ಸವ,Bengaluru Urban,Bengaluru (Thigalarapet / Old Pete),12.9698,77.5847,2026-04-01,2026-04-02,All Day,5,"Bengaluru's oldest continuous festival celebrated by the Vahnikula Kshatriya (Thigala) community. A floral pyramid-shaped earthen pot (Karaga) symbolizing Draupadi Shakti is balanced on the head of the priest, who walks through the heart of the old city throughout the midnight hours without dropping a single petal.","A rare confluence of Mahabharata epic veneration and inter-faith harmony, highlighted by the Karaga procession visiting the historic Hazrat Tawakkal Mastan Dargah.",Celebrated uninterrupted for over 300 years since the era of Magadi Kempe Gowda and the founding of Pete Bangalore.,"['Midnight floral Karaga emergence from Sri Dharmaraya Swamy Temple', 'Veerakumaras performing martial sword salutes (Alagu Sevai)', 'Visit to Hazrat Tawakkal Mastan Dargah upholding communal brotherhood', 'Illuminated traditional flower market (K.R. Market Pete) night walks']","['Bengaluru Benne Masala Dosa', 'Chitranna (Lemon rice) and Puliyogare Prasada', 'Badam Halwa and Holige', 'Congress Kadlekai (Spiced peanuts)', 'Filter Coffee']","['bengaluru', 'karaga', 'draupadi', 'midnight-procession', 'thigala', 'interfaith-harmony', 'pete']",550000,
5,Pattadakal Dance & Music Festival,ಪಟ್ಟದಕಲ್ಲು ನೃತ್ಯೋತ್ಸವ,Bagalkote,Pattadakal,15.9483,75.8166,2026-01-16,2026-01-18,All Day,6,"A prestigious national classical dance festival staged against the 8th-century UNESCO World Heritage sandstone temples of Pattadakal on the banks of Malaprabha River. India's top exponents of Bharatanatyam, Kathak, Odissi, and Kuchipudi perform before the magnificent Virupaksha and Mallikarjuna shrines.",Celebrates the synthesis of Dravidian and Nagara temple architectural styles pioneered by the Early Badami Chalukyas.,Pattadakal was the ceremonial coronation city (Pattada-Kallu) of the Badami Chalukya emperors from 543 to 753 CE.,"['Open-air classical recitals under night illumination of 8th-century temple facades', 'Exhibition of North Karnataka handloom textiles (Ilkal Sarees & Guledgudda Khana)', 'Sculpture appreciation tours of Chalukyan epics carved in stone']","['Sajje (Pearl Millet) Rotti with Shenga Chutney', 'Jowar Rotti with sprouted Moong Usli', 'Ilkal style Gulbarga Shenga Holige (Jaggery peanut flatbread)', 'Girmit (North Karnataka spiced puffed rice) with Mirchi Bajji']","['pattadakal', 'chalukya', 'classical-dance', 'unesco', 'malaprabha', 'bagalkote', 'architecture']",65000,
6,Melukote Vairamudi Brahmotsava,ಮೇಲುಕೋಟೆ ವೈರಮುಡಿ ಬ್ರಹ್ಮೋತ್ಸವ,Mandya,Melukote,12.6631,76.6558,2026-03-28,2026-03-29,All Day,7,One of South India's most venerated Vaishnavite festivals where Lord Cheluvanarayana Swamy is adorned with the legendary diamond-studded crown (Vairamudi) and taken out in a solemn midnight procession through the hill town of Melukote under high security.,"Associated with Sri Ramanujacharya who revived Melukote in the 12th century. According to legend, the diamond crown was originally bestowed upon Lord Vishnu by Garuda.",Celebrated for nearly a millennium since the Hoysala era under King Vishnuvardhana and Ramanujacharya's stay.,"['Arrival of the ancient diamond crown under District Treasury armed escort', 'Midnight Garuda Vahana procession of Lord Cheluvanarayana Swamy', 'Kalyani stepwell holy dip and Raja Gopura illumination', 'Vedic chanting and Divya Prabhandam recitations by Vaishnava scholars']","['Melukote Puliyogare (famous temple tamarind rice with aromatic spices)', 'Melukote Sweet Pongal / Sarkarai Pongal', 'Akaravadisal (traditional jaggery milk dessert)', 'Mandya Sugarcane Juice & Maddur Vada']","['melukote', 'vairamudi', 'ramanujacharya', 'mandya', 'puliyogare', 'temple-jewels', 'vaishnavite']",250000,
7,Kadambotsava (Banavasi Heritage Festival),ಕದಂಬೋತ್ಸವ (ಬನವಾಸಿ),Uttara Kannada,Banavasi,14.5367,75.0125,2026-12-11,2026-12-13,All Day,8,"Celebrated at Banavasi, the ancient 4th-century capital of the Kadamba Dynasty (first native Kannada empire). The festival honors Adikavi Pampa's immortal words that one must be born in Banavasi even as a bee to experience its sublime beauty, presenting state literary awards and traditional Yakshagana.","Honors the inception of Kannada statehood and literature, conferring the prestigious 'Pampa Prashasti' state award to eminent scholars.","Banavasi was founded around 345 CE by King Mayurasharma of the Kadamba Dynasty, mentioned in Ashokan edicts and Ptolemy's geographical records.","['Presentation of the coveted Pampa Prashasti state literary award', 'All-night Tenku and Badagu Thittu Yakshagana performances', 'Madhukeshwara Temple sound and light presentation along the Varada River', 'Malnad agricultural and spices exhibition']","['Appemidi Pickle (fragrant GI tender wild mango pickle)', 'Todadevu (wafer-thin sugarcane/jaggery crepe)', 'Halasina Hannina Kadubu (steamed jackfruit cake in teak leaves)', 'Malnad Kotte Kadubu with coconut chutney']","['banavasi', 'kadamba', 'pampa', 'kannada-literature', 'madhukeshwara', 'malnad', 'yakshagana']",75000,
8,Tula Sankramana (Kaveri Theerthodbhava),ತುಲಾ ಸಂಕ್ರಮಣ (ಕಾವೇರಿ ತೀರ್ಥೋದ್ಭವ),Kodagu,Talakaveri / Bhagamandala,12.3856,75.492,2026-10-17,2026-10-18,All Day,9,"At a predetermined auspicious astrological second in the Brahmagiri Hills, Mother River Kaveri springs forth as a sudden holy gush of water in the sacred square pond (Brahma Kundike). Tens of thousands of Kodava families and pilgrims gather in mist-shrouded Talakaveri to witness the miracle and collect the divine waters.","Kaveri is the lifeblood and supreme mother deity of Kodagu. Kodava brides venerate Kaveri water during weddings, and every household keeps a sacred pitcher filled with this water.","Mentioned in the Kaveri Purana section of the Skanda Purana, celebrated since time immemorial as the perennial birth of River Kaveri.","['Theerthodbhava bubbling moment at Brahma Kundike at Talakaveri', 'Holy bath (Snana) and rituals at Triveni Sangama in Bhagamandala', 'Traditional Kodava attire displays (Kupya Chele and traditional sarees)', 'Scenic cloudscape atop Brahmagiri Peak trail']","['Kadambuttu (Steamed rice flour dumplings) with spicy curry', 'Akki Rotti with Ellu Pajji (roasted sesame chutney)', 'Paputtu (steamed rice cake with coconut and milk)', 'Coorg Kaapi (filter coffee with fresh estate cardamom)', 'Kummu (Wild mushroom) curry (seasonal delicacy)']","['talakaveri', 'kodagu', 'kaveri-river', 'theerthodbhava', 'kodava', 'pilgrimage', 'western-ghats']",125000,
9,Chalukya Utsava (Badami & Aihole Heritage Fest),ಚಾಲುಕ್ಯ ಉತ್ಸವ (ಬಾದಾಮಿ & ಐಹೊಳೆ),Bagalkote,Badami & Aihole,15.9189,75.6798,2026-02-06,2026-02-08,All Day,10,"Celebrated across the red sandstone cliffs of Badami (Vatapi) and the temple cradle of Aihole. Features rock-cut cave temple light projections, folk theatre, martial art demonstrations, and classical music reflecting the reign of King Pulakeshin II.","Celebrates the architectural crucible where Hindu temple architecture (rock-cut caves, structural temples) was first experimented with and perfected in South India.","Commemorates the Badami Chalukyas who ruled from 540 CE to 757 CE, establishing an empire spanning the Deccan.","['Laser mapping over the red cliff face of Agastya Lake & Badami Caves', ""Classical performances in the courtyard of Aihole's Durga Temple"", ""Rock climbing competitions on Badami's world-famous sandstone crags"", 'Chalukyan historical drama enactments']","['Jolada Rotti with Shenga Pudi and Gural Chutney', 'Badami style Kadabu with spicy lentil sambar', 'North Karnataka Mirchi Bajji with Mandakki', 'Belagavi Kunda & Dharwad Pedha']","['badami', 'aihole', 'chalukya', 'rock-cut-caves', 'agastya-lake', 'pulakeshin', 'heritage']",110000,
10,Koppal Gavisiddheshwara Jatre (Mahadasoha),ಕೊಪ್ಪಳ ಗವಿಸಿದ್ದೇಶ್ವರ ಮಹಾ ರಥೋತ್ಸವ ಮತ್ತು ಮಹಾದಾಸೋಹ,Koppal,Koppal,15.3486,76.1554,2026-01-04,2026-01-10,All Day,11,"Renowned across India as the 'Kumbh Mela of South India', this monumental spiritual gathering at Sri Gavisiddheshwara Matha draws over 2 million devotees. Celebrated with an emphasis on environmental conservation, non-violence, eye donations, and voluntary mass community feeding (Dasoha).","Exemplifies the Lingayat philosophy of Kayaka (work is worship) and Dasoha (unconditional selfless mass feeding), with over 100,000 volunteers cooking and serving meals simultaneously.",Tracing back to the 12th-century Veerashaiva saint lineage of the Gavimatha cave hermits in the hills of Koppal.,"['Lifting and pulling of the colossal 65-foot Brahma Ratha by a sea of lakhs of devotees', 'Mahadasoha: Serving over 1.5 million rotis, madike kaalu, and sweets per day', 'Mass public pledge campaigns for tree plantation, blood donation, and organ pledges', 'Dazzling nighttime fireworks and Bhajan sessions']","['Hot Jolada Rotti with Shenga Chutney and Junka', 'Madike Kaalu Palya (Sprouted moth bean curry)', 'Gavi Matha Boondi Laddu & Godhi Huggi Prasada', 'Sajje Rotti with homemade churned white butter']","['koppal', 'gavimatha', 'dasoha', 'kumbh-mela-south', 'jatre', 'chariot-pulling', 'lingayat', 'charity']",2200000,
11,Sirsi Marikamba Jatre (Goddess Marikamba Fair),ಶಿರಸಿ ಮಾರಿಕಾಂಬಾ ಜಾತ್ರೆ,Uttara Kannada,Sirsi,14.6195,74.8354,2026-03-03,2026-03-11,All Day,12,"Karnataka's largest biennial folk temple fair celebrating Sri Marikamba Devi, the fierce guardian deity of the Malnad region. A monumental 8-day festival where the Goddess is seated on an intricately carved giant wooden chariot and taken out in a state-wide celebration.","A vibrant celebration of Malnad folk culture, where devotees perform vows (Seve), carry sacred neem leaf pots, and celebrate the deity as protector against epidemics and misfortune.","The temple was consecrated in 1688 CE by the Sonda King Basavappa Nayaka, who brought the high-spirited sandalwood idol from Hanagal.","['Procession of the massive wooden ratha through the forested town of Sirsi', 'Bedaravesha and traditional folk theatrical mask performances', 'Grand Malnad agricultural fair and giant Ferris wheels', 'Hagalu Vesha folk dancers and Chande percussionists']","['Halasina Hannina Kadubu (Jackfruit sweet parcels)', 'Bakshya (Holige) with hot coconut milk', 'Sirsi Banana Chips fried in pure coconut oil', 'Malnad Tambuli (cooling herbal yoghurt soup)']","['sirsi', 'marikamba', 'malnad', 'jatre', 'biennial', 'chariot', 'folk-deity', 'uttara-kannada']",850000,
12,Saundatti Yellamma Devi Jatre (Banada Hunnime),ಸವದತ್ತಿ ರೇಣುಕಾ ಯಲ್ಲಮ್ಮ ಜಾತ್ರೆ (ಬನದ ಹುಣ್ಣಿಮೆ),Belagavi,Saundatti (Yellammagudda),15.7766,75.1225,2026-01-02,2026-01-05,All Day,13,"Held atop the scenic Yellammagudda hill overlooking the Malaprabha reservoir, this sacred folk pilgrimage draws over a million devotees from Karnataka, Maharashtra, and Goa. Pilgrims offer worship to Goddess Renuka Yellamma with neem leaves, turmeric (Bhandara), and silver umbrellas.","A profound centre for Shakti and Matrika veneration in the Deccan, embodying deep agrarian faith and folk devotional songs (Jogiti Pada).",The shrine has ancient roots dating back to the Rashtrakuta and Ratta dynasties of Saundatti (11th century CE).,"['Sea of devotees showering yellow turmeric (Bhandara) atop the hill', ""Jogiti Nritya and Chowdki Pada folk balladeers singing Renuka's epic"", 'Sacred bath at the historic Jogula Bhavi stepwell tank', 'Grand palanquin procession across the hilltops']","['Jawari (Sorghum) Rotti with Shenga Pittu', 'Belagavi Kunda (slow-caramelized milk sweet)', 'Gokak Karadantu (nut-loaded chewy jaggery sweet)', 'Pithla Bhakri with spicy green chilli thecha']","['saundatti', 'yellamma', 'belagavi', 'renuka', 'bhandara', 'jogiti-pada', 'folk-pilgrimage']",1300000,
13,"Dharmasthala Laksha Deepotsava (Festival of 100,000 Lamps)",ಧರ್ಮಸ್ಥಳ ಲಕ್ಷ ದೀಪೋತ್ಸವ,Dakshina Kannada,Dharmasthala,12.9567,75.3789,2026-11-28,2026-12-03,All Day,14,An ethereal festival of lights where the entire pilgrim town of Dharmasthala and the Netravati riverbank are illuminated with hundreds of thousands of earthen and brass oil lamps. Features the historic Sarva Dharma Sammelana (All-Faith Conference) and Sahitya Sammelana.,"Dharmasthala is a unique symbol of syncretism where the deity is Lord Shiva (Manjunatha), the priests are Madhwa Vaishnavas, and the administrative guardians (Heggade) are Jains.","Instituted over 800 years ago, upholding the 4 core tenets of Dharmasthala: Anna Dana (food), Abhaya Dana (sanctuary), Aushadha Dana (medicine), and Vidya Dana (education).","['Lighting of over 100,000 brass and clay lamps across the temple courtyard', 'Sarva Dharma (Interfaith) and Sahitya (Literary) Conferences with eminent philosophers', 'Nightly Lalitakalagalu classical concerts and Yakshagana troupes', 'Chariot processions (Hosakatte, Kerekatte, Lalithodyana Ratha)']","['Sri Manjunatha Temple Annadana Mahaprasada (piping hot rice, rasam, payasa)', 'Pathrode (steamed spiced colocasia rolls)', 'Mangalore Golibaje / Maida Vada with coconut chutney', 'Kashaya (herbal digestive health beverage)']","['dharmasthala', 'deepotsava', 'manjunatha', 'lights', 'sarva-dharma', 'netravati', 'dakshina-kannada']",450000,
14,Udupi Sri Krishna Paryaya Mahotsava,ಉಡುಪಿ ಪರ್ಯಾಯ ಮಹೋತ್ಸವ,Udupi,Udupi,13.3409,74.7421,2026-01-18,2026-01-19,All Day,15,A historic ceremonial handover of the administrative and worship rights (Puja Paryaya) of the world-famous Udupi Sri Krishna Temple among the pontiffs of the Ashta Mathas (8 monasteries). Takes place at dawn on January 18th in alternate even-numbered years.,Embodies the unbroken 800-year lineage of Sri Madhwacharya's Dvaita Vedanta philosophy and peaceful rotational governance.,Conceived by Sri Madhwacharya in the 13th century (originally 2-month cycle) and restructured to a 2-year biennial system in 1522 CE by Sri Vadiraja Tirtha of Sodhe Matha.,"['Early morning holy dip at Danda Tirtha and royal procession in decorated palanquins into Udupi Car Street', 'Ceremonial handing over of the Akshaya Patra and temple shrine keys at Sarvajna Peetha', 'Grand Durbar in Rajangana with Vedic scholars from across India', 'All-night illumination of Udupi Car Street and Madhwa Sarovara']","['Authentic Udupi Satvik Meal (Udupi Saaru, Menaskai, Kadubu)', 'Goli Baje (crisp Mangalore bondas)', 'Udupi Rava Masala Dosa', 'Hayagriva Maddi (Bengal gram and jaggery sweet)', 'Chitranna and Moode']","['udupi', 'paryaya', 'krishna-matha', 'madhwacharya', 'ashta-matha', 'dvaita', 'satvik-food']",400000,
15,Shravanabelagola Mahamastakabhisheka,ಶ್ರವಣಬೆಳಗೊಳ ಮಹಾಮಸ್ತಕಾಭಿಷೇಕ ಮಹೋತ್ಸವ,Hassan,Shravanabelagola,12.8587,76.4862,2026-02-15,2026-02-23,All Day,16,"The world's grandest Jain festival held atop the monolithic Vindhyagiri Hill. The 57-foot-tall monolithic statue of Bhagwan Bahubali (Gommateshwara), carved in 981 CE, is ceremonially bathed from a specially erected scaffolding with milk, sugarcane juice, saffron, turmeric, sandalwood paste, and showered with gold and silver flowers.","Commemorates Bahubali's spiritual victory through Ahimsa (non-violence), Tyaga (renunciation), and Kevala Jnana (supreme enlightenment).","Commissioned in 981 CE by Chavundaraya, the Prime Minister and Commander-in-Chief of the Western Ganga Dynasty.","['Pouring of 1,008 Kalashas (sacred urns) of milk, saffron, and turmeric over the 57-ft colossus', 'Climbing the 650 stone-hewn steps of Vindhyagiri Hill overlooking Chandragiri', 'International peace conclaves and Jain philosophical seminars', 'Spectacular illumination of the two hills and the central white lake (Belagola)']","['Satvik Jain Meal (No root vegetables, purely organic and cold-pressed preparations)', 'Akki Rotti with coconut-coriander chutney', 'Hassan style Ragi Rotti and Badam Kheer', 'Kashaya and Holige']","['shravanabelagola', 'bahubali', 'gommateshwara', 'jainism', 'ganga-dynasty', 'ahimsa', 'monolith']",2800000,
16,Hassanamba Temple Jatre (Annual Sanctum Opening),ಹಾಸನಾಂಬ ದೇವಾಲಯ ಜಾತ್ರಾ ಮಹೋತ್ಸವ,Hassan,Hassan,13.0033,76.1004,2026-10-29,2026-11-08,All Day,17,"A mystical temple event where the inner sanctum of the historic Hassanamba Temple opens to the public for only 10 to 14 days a year around Deepavali. When the doors are unlocked, the ghee lamp lit the previous year is found still burning, and the raw flowers offered remain fresh.",Goddess Hassanamba is revered as the presiding smiling mother deity ('Hasana Amba') after whom the district of Hassan is named.,Built in the 12th century CE during the reign of the Hoysala dynasty who established magnificent architectural heritage in the region.,"['Ceremonial breaking of the temple seal by the district administration and chief priests', 'Darshan of the perennial sacred ghee lamp and fresh floral offerings from the previous year', 'Siddeshwara Swamy car festival and Kendotsava (fire-walking ritual)', 'Grand Deepavali fireworks and city-wide illumination']","['Hassan Ragi Mudde with Bassaru & Upsaaru', 'Menthe Kadubu with spicy coconut chutney', 'Hassan style Akki Shavige (fresh rice noodles) with sweetened coconut milk', 'Butter Dosa and Halwa']","['hassan', 'hassanamba', 'annual-darshan', 'miracle-lamp', 'hoysala', 'deepavali', 'ragi-mudde']",1100000,
17,Basavanagudi Kadalekai Parishe (Groundnut Fair),ಬಸವನಗುಡಿ ಕಡಲೆಕಾಯಿ ಪರಿಷೆ,Bengaluru Urban,Bengaluru (Basavanagudi),12.9421,77.5684,2026-11-23,2026-11-25,All Day,18,"Bengaluru's beloved 500-year-old groundnut fair where farmers from across Karnataka, Tamil Nadu, and Andhra Pradesh bring their first harvest of peanuts to offer to the sacred monolithic Nandi (Bull Temple) before setting up multi-kilometer street bazaars of roasted, boiled, and spiced groundnuts.","Celebrates the symbiotic relationship between urban Bengaluru and the surrounding farming communities, blessed by the guardian Nandi bull.","Originated in the 16th century during the reign of Kempe Gowda I, when farmers placated a wild bull that rampaged groundnut fields by offering their first yield.","['Offerings of sacks of freshly harvested groundnuts to the giant monolithic Nandi idol', 'Endless open-air street stalls with mountains of raw, clay-roasted, salted, and boiled peanuts', 'Traditional giant hand-cranked wooden Ferris wheels and merry-go-rounds', 'Vidyarthi Bhavan dosa hopping and Gandhi Bazaar cultural walking trail']","['Hot Clay-Roasted Groundnuts (Bisi Kadalekai)', 'Spiced Steamed Peanuts (Uppu Kadalekai)', 'Batani Sundal and Menasinakai Bajji (Chilli fritters)', 'Vidyarthi Bhavan Crispy Butter Masala Dosa', 'Bobbattu / Holige (sweet stuffed flatbread)']","['bengaluru', 'basavanagudi', 'kadalekai-parishe', 'bull-temple', 'peanuts', 'kempegowda', 'street-fair']",650000,
18,Sringeri Sharada Sharannavaratri,ಶೃಂಗೇರಿ ಶಾರದ ಶರನ್ನವರಾತ್ರಿ ಮಹೋತ್ಸವ,Chikkamagaluru,Sringeri,13.4184,75.2559,2026-10-11,2026-10-20,All Day,19,"Celebrated at the first and premier Peetham established by Sri Adi Shankaracharya on the banks of Tunga River. Goddess Sharadamba is decorated in nine distinct divine alankaras (incarnations), and the Jagadguru Sankaracharya presides over the golden royal Durbar every evening wearing royal insignia.","The epicenter of Advaita Vedanta philosophy, Vedic chanting, and classical Carnatic music offerings (Sangeeta Seva).","Established in the 8th century CE by Adi Shankaracharya and patronized by the founding monarchs of the Vijayanagara Empire, Harihara and Bukka.","['Goddess Sharadamba decorated in 9 radiant daily avatars (Brahmi, Vaishnavi, Chamundi, etc.)', 'Evening Golden Chariot (Suvarna Ratha) and Durbar procession of the Sringeri Jagadguru', 'Feeding the holy sacred fish in the clean waters of the Tunga River ghats', 'Vidyaranya Vidya Peetha Vedic recitations and Chandi Homa']","['Sringeri Temple Annaprasada (fragrant rice, piping sambar, rasam, and payasa)', 'Malnad Halasina Hannina Happala & Kadubu', 'Chikkamagaluru Pure Estate Filter Coffee', 'Akki Rotti with Kayi Chutney']","['sringeri', 'sharadamba', 'shankaracharya', 'navaratri', 'advaita', 'chikkamagaluru', 'tunga-river']",300000,
19,Alva's Virasat & Nudisiri National Cultural Festival,ಆಳ್ವಾಸ್ ವಿರಾಸತ್ & ನುಡಿಸಿರಿ ರಾಷ್ಟ್ರೀಯ ಉತ್ಸವ,Dakshina Kannada,Moodabidri (Vidyagiri),13.0722,74.9984,2026-12-18,2026-12-21,All Day,20,"One of India's largest integrated student and national cultural conventions featuring 50,000 youth and veteran artists performing classical Carnatic, Hindustani, Yakshagana, Manipuri, Kathakali, and folk dances on open-air mega amphitheaters.","A mammoth cultural platform propagating Karnataka's language, heritage, traditional sports, and national integration.",Founded by visionary educationist Dr. M. Mohan Alva over 25 years ago in the Jain heritage town of Moodabidri.,"['Grand stages hosting simultaneous performances of 1,000+ artists together', ""Conferring of the prestigious Alva's Virasat Award to world-renowned musicians"", 'Massive traditional food court serving over 100 coastal and malnad culinary delicacies', 'Art, sculpture, photography, and indigenous handloom exhibitions']","['Moode (cylindrical steamed rice idlis in screwpine leaves)', 'Mangalorean Jackfruit Chips and Halwa', 'Goli Baje with ginger coconut chutney', 'Banana Podi (banana fritters)']","['alvas-virasat', 'moodabidri', 'nudisiri', 'classical-music', 'folk-arts', 'dance-festival', 'youth']",220000,
20,Kalaburagi Sharanabasaveshwara Jatre,ಕಲಬುರಗಿ ಶರಣಬಸವೇಶ್ವರ ಮಹಾ ರಥೋತ್ಸವ,Kalaburagi,Kalaburagi (Gulbarga),17.3297,76.8343,2026-03-24,2026-03-26,All Day,21,The landmark religious fair of Kalyana Karnataka commemorating the 19th-century Lingayat philosopher-saint Sri Sharanabasaveshwara. Features the pulling of the towering silver chariot and the public unveiling of the historic gold and silver covered bowl (Batti Gidda) and sacred staff (Padi).,"Celebrates the ideals of universal brotherhood, charity, and social upliftment across Hyderabad-Karnataka.",Commemorates Saint Sharanabasaveshwara (1760–1822 CE) who dedicated his entire life to providing famine relief and education.,"['Pulling of the monumental Silver Ratha through the historic temple grounds', 'Public viewing (Darshan) of the sacred relics (Batti & Padi) kept atop the dome', 'Cattle fair (Kalyana Karnataka Hallikar and Khillari bull exhibition)', 'Sufi Qawwali and Vachana Gayana concerts']","['Gulbarga Malka Rotti with spicy Shenga chutney', 'Kalaburagi Tahari (aromatic spiced rice specialty)', 'Dharwad Pedha and Khaja sweet', 'Jolada Rotti with Brinjal Gravy (Yennegai)']","['kalaburagi', 'sharanabasaveshwara', 'kalyana-karnataka', 'vachana', 'silver-chariot', 'dasoha']",900000,
21,Kukke Subramanya Champa Shashti,ಕುಕ್ಕೆ ಶ್ರೀ ಸುಬ್ರಹ್ಮಣ್ಯ ಚಂಪಾ ಷಷ್ಠಿ ಮಹೋತ್ಸವ,Dakshina Kannada,Subramanya,12.6635,75.6158,2026-12-14,2026-12-16,All Day,22,"The premier festival at the revered Kukke Subramanya Temple nestled in the Western Ghats under the Kumara Parvatha peak. Lord Subramanya is worshipped as the supreme protector of serpents (Nagas), highlighted by the grand Brahmaratha procession and Ashlesha Bali.",Regarded as the most potent pilgrimage destination in South India for Sarpa Dosha Nivarana and environmental reverence for serpents.,Ancient temple chronicled in the Sanatkumara Samhita of Skanda Purana where Lord Subramanya consecrated the serpent king Vasuki.,"['Rolling and pulling of the giant wooden Brahmaratha chariot through Car Street', 'Champa Shashti sacred bath in the holy Kumaradhara River', 'Trekking view of the majestic Kumara Parvatha mountain backdrop', 'Special Naga Pratishthe and Ashlesha Bali rituals']","['Kottige (Idlis steamed in woven jackfruit leaf baskets)', 'Kukke Temple Sweet Prasada (Laddus & Panchamrutha)', 'Mangalore Buns with spicy coconut chutney', 'Banana Halwa and tender coconut water']","['kukke-subramanya', 'champa-shashti', 'naga-worship', 'kumaradhara', 'kumara-parvatha', 'brahmaratha']",380000,
22,Bidar Utsav (Bahmani Heritage & Deccan Culture),ಬೀದರ್ ಉತ್ಸವ,Bidar,Bidar,17.9174,77.5303,2026-01-23,2026-01-25,All Day,23,"Celebrated within the colossal triple-moated Bidar Fort and Mahmud Gawan Madrasa. Spotlights the historic fusion of Persian, Turkish, and Deccan architectural heritage, Sufi devotional music, Bidriware metal crafts, and kite festivals.",Celebrates Bidar's cosmopolitan Deccan synthesis and preserves the GI-certified Bidriware craft of silver inlay on blackened zinc-copper alloy.,Bidar was the grand medieval capital of the Bahmani Sultanate and Barid Shahi dynasty from 1422 CE.,"['3D projection mapping and laser shows onto the walls of the 15th-century Bidar Fort', 'Live Bidriware artisan workshops in the historical Old City bazaars', 'International Kite Flying Festival over the fort battlements', 'Sufi music night featuring acclaimed Ghazal and Qawwali maestros']","['Bidar Biryani & Dum Pukht specialties', 'Jowar Rotti with Chana Dal Usli', 'Bidar style Khubani ka Meetha (Apricot dessert)', 'Malida sweet with pure ghee']","['bidar', 'bidar-fort', 'bidriware', 'bahmani', 'deccan', 'sufi-music', 'kalyana-karnataka']",120000,
23,Kodagu Kailpodh & Huthri Harvest Festival,ಕೊಡಗಿನ ಕೈಲ್‌ಪೊದ್ & ಹುತ್ತರಿ ಹಬ್ಬ,Kodagu,Madikeri / Gonikoppal,12.4244,75.7382,2026-09-03,2026-09-04,All Day,24,"The quintessential cultural festivals of the warrior clan of Kodagu. Kailpodh marks the worship of traditional weaponry (Kopri, Odi Katti) and agrarian tools following transplanting, while Huthri is the joyous harvesting of the first ear of golden paddy by moonlight accompanied by rhythmic Dudikott Paat folk songs.","Represents the martial ethos, nature-worship, and egalitarian community solidarity of the indigenous Kodava community.",Unbroken ancestral tradition preserved in Kodagu Ainmanes (traditional ancestral homes) for centuries.,"['Ayudha Puja of traditional ancestral arms and coconut-shooting shooting contests (Eedu)', ""Solemn night procession into the paddy field for 'Poli Poli Deva' paddy cutting"", 'Kodava Valaga folk dance with swords (Bolak-aat, Kol-aat, Pariyakali)', 'Communal feast at traditional Ainmanes in Kodava Kupya-Chele attire']","['Kadambuttu with Pandi Curry (or traditional veg Bamboo Shoot / Kanni curry)', 'Paputtu with Noolputtu and fresh coconut milk', 'Thambuttu (mashed banana and roasted rice flour sweet made during Huthri)', 'Coorg Kaapi and Kadamittu']","['kodagu', 'kailpodh', 'huthri', 'kodava', 'harvest', 'martial-tradition', 'ainmane', 'coffee-hills']",85000,
24,Kanakagiri Utsava (Suvarnagiri Heritage),ಕನಕಗಿರಿ ಉತ್ಸವ,Koppal,Kanakagiri,15.5728,76.4228,2026-02-20,2026-02-22,All Day,25,"Celebrated at historical Kanakagiri ('Golden Hill'), famous for the proverb 'Kallidare Kanakagiri nodu' (If you have eyes, you must see Kanakagiri). Showcases the magnificent stone architecture of Kanakachala Lakshmi Narasimha Temple and Vijayanagara Nayaka art.",Commemorates the regional cultural brilliance of the Kanakappa Nayaka chieftaincy under the Vijayanagara Empire.,Identified as the ancient Mauryan provincial capital 'Suvarnagiri' and later developed by Vijayanagara Nayakas in the 16th century.,"['Sound and light spectacles around the Kanakachala Temple stone gopura', 'Traditional Bayalata and Togalu Gombeyata (Leather Puppet Theatre)', 'Koppal handloom khadi and Kinnal craft displays']","['Sajje Rotti with Badanekayi Yennegai', 'Kanakagiri style Girmit with Mirchi Bajji', 'Shenga Chutney with hot Jolada Rotti', 'Ghee-soaked Boondi Laddu']","['kanakagiri', 'koppal', 'suvarnagiri', 'nayaka', 'kinnal-craft', 'folk-arts', 'temple']",80000,
25,Lakkundi Utsava (City of 100 Stepwells),ಲಕ್ಕುಂಡಿ ಉತ್ಸವ (ಮೆಟ್ಟಿಲು ಬಾವಿಗಳ ನಗರಿ),Gadag,Lakkundi,15.3887,75.7171,2026-02-12,2026-02-14,All Day,26,"Staged in the ancient city of Lokkigundi (modern Lakkundi), which was home to 101 stepped wells (Kalyanis) and 101 ornate chloritic schist temples. Features classical music by illuminated stepwells such as Musukina Bavi and Brahma Jinalaya.",Celebrates the zenith of Kalyana Chalukya architectural ingenuity and the legacy of legendary patron Attimabbe ('Danachintamani').,"Lakkundi was an imperial minting capital and a major metropolis in the 10th-12th centuries under the Western Chalukyas, Hoysalas, and Seunas.","['Illuminated stepwell concerts at Musukina Bavi and Kasi Vishveshwara Temple', 'Attimabbe National Literary and Women Leadership Awards', 'Live stone carving demonstrations by contemporary sculptors', 'Heritage cycle tours across all surviving Kalyanis']","['Gadag style Crispy Jolada Rotti with Shenga Pudi', 'Moong Dal Kosambari with fresh grated coconut', 'Churmuri / Girmit with hot chilli bajji', 'Dharwad Pedha & Balepale']","['lakkundi', 'gadag', 'stepwells', 'kalyani', 'chalukya', 'attimabbe', 'sculpture']",55000,
26,Kittur Rani Chennamma Vijayotsava,ಕಿತ್ತೂರು ರಾಣಿ ಚೆನ್ನಮ್ಮ ವಿಜಯೋತ್ಸವ,Belagavi,Kittur,15.6015,74.7937,2026-10-23,2026-10-25,All Day,27,"Celebrated with patriotic fervor in Kittur to commemorate Queen Rani Chennamma's historic armed rebellion and victory against the British East India Company in October 1824, 33 years before the 1857 Sepoy Mutiny.","A symbol of Kannada valor, women leadership, and early Indian anti-colonial freedom struggle.",Rani Chennamma and her lieutenant Krantiveera Sangolli Rayanna routed the British forces led by John Thackeray at Kittur Fort in 1824.,"['Veerajyoti (Torch of Valor) flame relay from Sangolli and Belagavi to Kittur Fort', 'Spectacular light and sound reenactment of the Kittur battle within the fort ruins', 'Traditional Mallakhamba and wrestling (Kushti) demonstrations', 'Patriotic choral songs and folk plays on Chennamma & Sangolli Rayanna']","['Belgaum Kunda (traditional roasted milk dessert)', 'Gokak Karadantu (dry fruit and edible gum jaggery sweet)', 'Jolada Rotti with Yennegai and raw onion salad', 'Shenga Holige with ghee']","['kittur', 'rani-chennamma', 'freedom-struggle', 'belagavi', 'sangolli-rayanna', 'valor', 'patriotic']",160000,
27,Karwar Beach Festival (Karavali Utsava),ಕಾರವಾರ ಬೀಚ್ ಉತ್ಸವ (ಕರಾವಳಿ ಉತ್ಸವ),Uttara Kannada,Karwar (Rabindranath Tagore Beach),14.808,74.124,2026-12-26,2026-12-30,All Day,28,"Staged along the crescent-shaped Rabindranath Tagore Beach where the young poet laureate Tagore was inspired to write his early verses. Features water sports, international sand sculptures, coastal Konkani music, and beach sports.","Celebrates Uttara Kannada's pristine coastal ecology, naval heritage (INS Chapal Warship museum), and vibrant Konkan-Kannada syncretism.",Inaugurated as an annual tourism flagship in the 1990s celebrating Karwar's maritime history and literary links.,"['Giant Sand Art sculptures created by world-renowned artists on the shoreline', 'Paramotoring, jet skiing, and banana boat rides on Arabian Sea waters', 'INS Chapal Warship light & laser showcase', 'Coastal Konkani & Kannada musical fusion evenings']","['Karwar style Cashew Green Chilli Upkari', 'Karwari Fish Curry & Rawa Fried Surmai (or veg Phalguni coconut curries)', 'Amboli with coconut chutney', 'Mangalore Buns and fresh Elaneer (Tender Coconut)']","['karwar', 'karavali', 'beach-fest', 'tagore-beach', 'sand-art', 'coastal', 'arabian-sea']",140000,
28,Sonda Sri Vadiraja Swamy Rathotsava,ಸೋದಾ ವಾದಿರಾಜ ಸ್ವಾಮಿ ಮಹಾ ರಥೋತ್ಸವ,Uttara Kannada,Sonda (Sirsi),14.7335,74.8197,2026-03-05,2026-03-07,All Day,29,"Celebrated in the tranquil Western Ghats valley of Sonda (Sodhe), the sacred seat of Sri Vadiraja Tirtha (1480-1600 CE). Devotees gather for the pulling of the grand Trivikrama Ratha and the sacred Hayagriva Prasada distribution at the Vadiraja Brundavana.","Venerates Saint Vadiraja Tirtha, a towering figure in Haridasa Sahitya, composer of 'Yuktimallika' and 'Rukminisha Vijaya'.","Established in the 16th century when Arasappa Nayaka, King of Sonda, gifted the principality to Saint Vadiraja.","['Pulling of the ancient Sri Trivikrama Temple Chariot', ""Darshan of the sacred Rama Trivikrama stone idol and Vadiraja's Brundavana"", 'Dhavala Ganga sacred tank holy dip', 'Haridasa Keerthane concerts by veteran classical vocalists']","['Authentic Hayagriva Maddi (heritage sweet made with Bengal gram, jaggery, and dry fruits)', 'Sonda Mutt Annaprasada with authentic Huli and Saaru', 'Malnad Jackfruit Payasa', 'Bakshya (Holige) with fresh coconut milk']","['sonda', 'vadiraja', 'hayagriva', 'sirsi', 'dvaita', 'haridasa', 'western-ghats']",60000,
29,Guledgudda Channabasaveshwara Jatre & Weavers Fair,ಗುಳೇದಗುಡ್ಡ ಚೆನ್ನಬಸವೇಶ್ವರ ಜಾತ್ರೆ ಮತ್ತು ಕೈಮಗ್ಗ ಉತ್ಸವ,Bagalkote,Guledgudda,16.0526,75.9288,2026-01-20,2026-01-22,All Day,30,"Celebrated in Guledgudda, famed across India as the handloom capital of the traditional 'Khana' (blouse fabric). The festival combines the spiritual car festival of Sri Channabasaveshwara with a vibrant regional handloom exhibition and wrestling tourney.",Showcases the heritage GI-tagged Guledgudda Khana weaving tradition practiced by generations of master weavers.,"Rooted in the 12th-century Vachanakara Channabasavanna's tradition, nurtured under the historical Keladi and Maratha periods.","[""Decorated chariot pulling through the weavers' heritage quarters"", 'Live handloom demonstrations of authentic Guledgudda Khana fabrics', 'State-level Kushti (mud wrestling) tournament', 'North Karnataka Vachana and Janapada singing assemblies']","['Guledgudda Shenga Holige (Thin peanut jaggery flatbread)', 'Crispy Jolada Rotti with Badanekayi Ennegayi', 'Spicy Mirchi Girmit', 'Sajje Rotti with homemade white butter']","['guledgudda', 'khana', 'handloom', 'bagalkote', 'channabasaveshwara', 'weavers', 'jatre']",95000,
30,Sagara Ikkeri & Keladi Nayaka Malnad Utsava,ಸಾಗರ ಇಕ್ಕೇರಿ & ಕೆಳದಿ ನಾಯಕ ಮಲೆನಾಡು ಉತ್ಸವ,Shivamogga,Sagara / Ikkeri,14.167,75.0337,2026-12-04,2026-12-06,All Day,31,"Celebrated at Sagara, Ikkeri, and Keladi, the regal seats of the Keladi Nayakas (including the legendary Queen Keladi Chennamma who sheltered Shivaji's son Rajaram). Highlights include all-night Yakshagana, Rangayana theatre, and sandalwood carving.","Celebrates Malnad's rich theatre tradition, Gudigar sandalwood craftsmanship, and Keladi architectural marvels.",Keladi and Ikkeri served as the capitals of the Keladi Nayakas from 1499 to 1763 CE.,"['Aghoreshwara Temple illuminated sound and light evening', 'All-night Badaguthittu Yakshagana and contemporary drama by Ninasam / Heggodu artistes', 'Gudigar traditional sandalwood and rosewood carving exhibition', ""Heritage trail through the Keladi Museum's ancient copper plate grants""]","['Malnad Halasina Payasa (Jackfruit Kheer)', 'Todadevu (Paper-thin sugarcane crepe)', 'Kotte Kadubu steamed in jackfruit leaves with coconut chutney', 'Maland style Appemidi gojju and hot rice']","['sagara', 'ikkeri', 'keladi-nayaka', 'shivamogga', 'yakshagana', 'ninasam', 'malnad']",48000,
31,Nanjarayapatna Riverine Kambala & Coorg Folk Meet,ನಂಜರಾಯಪಟ್ಟಣ ಕಂಬಳ ಮತ್ತು ಜಾನಪದ ಸಮ್ಮೇಳನ,Kodagu,Nanjarayapatna (Kushalnagar),12.455,75.89,2026-12-19,2026-12-20,All Day,3,"The unique inland Malnad-Kodagu edition of the buffalo race held along the banks of River Kaveri in Nanjarayapatna, bringing together highland Kodava and Gowda farming families in celebration of the winter harvest.",A rare high-altitude agrarian buffalo sprint tradition demonstrating deep bonding between highland farmers and their cattle.,Conducted since the era of the Haleri Rajas of Coorg who patronized post-harvest rural games in the Cauvery basin.,"['Thrilling buffalo sprint races along the muddy bank tracks of River Kaveri', 'Traditional Kodava Valaga drum beats and warrior folk dances', 'Rural archery and coconut-shooting championships']","['Akki Rotti with spicy Thondekai Palya', 'Kadambuttu with hot Kaveri fish curry or veg bamboo curry', 'Coorg Kaapi with Jaggery', 'Thambuttu (Huthri special sweet banana dumplings)']","['kodagu', 'nanjarayapatna', 'kambala', 'kaveri-basin', 'folk-sport', 'kushalnagar']",40000,
32,Mundkur Sri Durga Parameshwari Rathotsava,ಮುಂಡ್ಕೂರು ದುರ್ಗಾಪರಮೇಶ್ವರಿ ರಥೋತ್ಸವ,Udupi,Mundkur (Karkala),13.162,74.885,2026-02-18,2026-02-21,All Day,33,"Celebrated at the ancient Sri Durga Parameshwari Temple on the banks of Shambhavi River in Mundkur. Features the pulling of the grand Brahma Ratha, sacred Daivaradhane (Bhoota Kola), and classical Yakshagana prasanga performances.",A major focal point of Shakti veneration and Daiva (Bhoota) harmony in coastal Udupi-Dakshina Kannada borderland.,Consecrated by Sage Bhargava (Parashurama Kshetra) and patronized by the local Jain and Alupa Samanthas in the 10th century.,"['Brahma Ratha Chariot festival with traditional Chande and Maddale orchestra', 'Bhoota Kola rituals honoring Pilichamundi and Jarandaya Daivas', 'All-night Tenkutittu Yakshagana staged on open-air riverbank grounds']","['Moode Idli with Koli / Veg Menaskai', 'Goli Baje with coconut-ginger dip', 'Kottige with sweet coconut milk', 'Mangalorean Halwa and Patrode']","['mundkur', 'udupi', 'durga-parameshwari', 'rathotsava', 'daivaradhane', 'bhoota-kola', 'karavali']",85000,
33,Koodli Sangama Maha Shravanotsava,ಕೂಡ್ಲಿ ಸಂಗಮ ಮಹಾ ಶ್ರಾವಣೋತ್ಸವ,Shivamogga,Koodli (Bhadravathi / Shivamogga),14.0289,75.6983,2026-08-14,2026-08-17,All Day,34,"Celebrated at Koodli, the holy confluence where River Tunga and River Bhadra unite to form the mighty Tungabhadra River. Devotees take holy snana at the Sangama and attend special pujas at the 12th-century Hoysala Rameshwara temple and the historic Koodli Arya Akshobhya Teertha Matha.","A sacred Sangama Kshetra where Advaita, Dvaita, and Shaiva traditions harmoniously converge with river veneration.","Recorded since the Hoysala Empire under King Veera Ballala II (12th century), home to ancient Advaita and Dvaita monastic seats.","['Maha Sangama Snana and Ganga Arati at the union point of Tunga & Bhadra rivers', 'Darshan of the 12th-century Hoysala Chintamani Narasimha and Rameshwara shrines', 'Vedic chanting and Rudrabhisheka during sacred Shravana Somavara']","['Malnad Shravana Satvik Prasada (Rice, Rasam, and Halasina Payasa)', 'Akki Rotti with Menthe Gojju', 'Appehuli (raw mango herbal soup)', 'Chikkamagaluru / Shivamogga Filter Coffee']","['koodli', 'sangama', 'shivamogga', 'tunga', 'bhadra', 'tungabhadra', 'hoysala', 'shravana']",90000,
34,Moodabidri Thousand Pillar Basadi Deepotsava,ಮೂಡುಬಿದಿರೆ ಸಾವಿರ ಕಂಬದ ಬಸದಿ ದೀಪೋತ್ಸವ,Dakshina Kannada,Moodabidri,13.069,74.996,2026-11-15,2026-11-17,All Day,35,"Staged at the breathtaking 1430 CE Tribhuvana Tilaka Chudamani Basadi (popularly known as the Thousand Pillar Basadi or Savira Kambada Basadi) in Moodabidri, known as the 'Jain Kashi of the South'. Thousands of clay lamps illuminate the granite colonnades and the 8-foot monolithic idol of Lord Chandranatha.",Preserves priceless Jain palm-leaf manuscripts (Dhavala texts) and exemplifies Vijayanagara-era stone craftsmanship.,Built in 1430 CE by the local chieftain Devaraya Wodeyar and enhanced by Queen Nagala Devi with its famous 50-foot monolithic Manastambha.,"['Illumination of the 1,000 intricately carved non-repeating granite pillars', 'Special Darshan of the 8-ft Chandranatha Swami idol and Guru Basadi Dhavala texts', 'Classical flute and Veena concerts in the open pillared mandapa', 'Heritage walk across the 18 historical Jain Basadis of Moodabidri']","['Satvik Jain Coastal Meal (No root vegetables, pure unrefined organic coconut-based curries)', 'Moode with coconut chutney', 'Mangalore Goli Baje', 'Pathrode (steamed colocasia parcels)']","['moodabidri', 'jain-kashi', 'thousand-pillar-basadi', 'chandranatha', 'deepotsava', 'heritage', 'granite']",95000,
35,Nanjangud Srikanteshwara Dodda Jathre (Gautama Ratha),ನಂಜನಗೂಡು ಶ್ರೀ ನಂಜುಂಡೇಶ್ವರ ದೊಡ್ಡ ಜಾತ್ರೆ (ಗೌತಮ ರಥ),Mysuru,Nanjangud,12.1197,76.6806,2026-03-31,2026-04-02,All Day,36,"Known as the 'Dakshina Kashi' (Kashi of the South) on the banks of Kapila (Kabini) River. Over 300,000 pilgrims congregate for the pulling of 5 monumental wooden chariots led by the colossal 90-foot Gautama Ratha carrying Lord Srikanteshwara (Nanjundeshwara).","Lord Shiva is worshipped as Nanjundeshwara, the benevolent healer who consumed the Halahala poison to save creation.","Dating to the Ganga Dynasty (9th century) and expanded extensively by Hoysala and Mysuru Wadiyar monarchs, including a special emerald necklace gifted by Tipu Sultan who called the deity 'Hakim Nanjunda'.","['Simultaneous pulling of 5 giant chariots (Gautama, Chandikeshwara, Subramanya, Ganapathi, Parvathi)', 'Sacred holy bath (Snana) in the sacred Kapila River', 'Darshan of the 100-foot-tall Mahadwara Gopura and nine emerald Shiva Lingas', 'Nightly Teppotsava (coracle/float festival) on Kapila waters']","['Nanjanagudu Rasabale (World-famous GI tagged aromatic small banana)', 'Nanjangud style Puliyogare and Sweet Pongal', 'Mysore Pak & Maddur Vada', 'Kapila River style fresh tender coconut water']","['nanjangud', 'dakshina-kashi', 'srikanteshwara', 'gautama-ratha', 'kapila-river', 'rasabale', 'mysuru']",350000,
